Timestamp,Wie alt bist du?,Wie oft nutzt du Reddit?,Wie gut schätzt du dich selbst ein Ironie im Alltag erkennen zu können?,Wie gut kennst du r/de?,"KOMMENTAR #1

THREAD: Mehrheit sieht ältere im Vorteil - nicht einmal ein Drittel der jungen glaubt an faire Rente

KOMMENTAR: Solange alle ihre Tiefkühlpizza und RTL haben ist doch alles super!

Wie ironisch ist dieser Kommentar?",Wie sicher bist du dir bei dieser Einschätzung?,"KOMMENTAR #2

THREAD: Mehrheit sieht ältere im Vorteil - nicht einmal ein Drittel der jungen glaubt an faire Rente

KOMMENTAR: Ich bin schockiert.

Wie ironisch ist dieser Kommentar?",Wie sicher bist du dir bei dieser Einschätzung?,"KOMMENTAR #3

THREAD: Mehrheit sieht ältere im Vorteil - nicht einmal ein Drittel der jungen glaubt an faire Rente

KOMMENTAR: Würden sich die babyboomer zu Tode arbeiten, bräuchte man ihnen keine Rente mehr zahlen

Wie ironisch ist dieser Kommentar?",Wie sicher bist du dir bei dieser Einschätzung?,"KOMMENTAR #4

THREAD: Mehrheit sieht ältere im Vorteil - nicht einmal ein Drittel der jungen glaubt an faire Rente

KOMMENTAR: Auf den Schreck erstmal eine Rentenerhöhung.

Wie ironisch ist dieser Kommentar?",Wie sicher bist du dir bei dieser Einschätzung?,"KOMMENTAR #5

THREAD: Mehrheit sieht ältere im Vorteil - nicht einmal ein Drittel der jungen glaubt an faire Rente

KOMMENTAR: Finde den Generationen-Vertrag an sich schon dämlich. Will meine eigene Rente auffüllen und nicht die von anderen.

Wie ironisch ist dieser Kommentar?",Wie sicher bist du dir bei dieser Einschätzung?,"KOMMENTAR #6

THREAD: Solarbranche: Reiche-Pläne gefährden Zehntausende Jobs

KOMMENTAR: ist ja nicht so als wären es jobs in der automobilindustrie also warum die aufregung

Wie ironisch ist dieser Kommentar?",Wie sicher bist du dir bei dieser Einschätzung?,"KOMMENTAR #7

THREAD: Solarbranche: Reiche-Pläne gefährden Zehntausende Jobs

KOMMENTAR: Leute alles gut. Laut der EU Präsidentin kriegen wir bald eh alle kleine Mini AKWs und dann jeder seinen eigenen Atompilz im Keller

Wie ironisch ist dieser Kommentar?",Wie sicher bist du dir bei dieser Einschätzung?,"KOMMENTAR #8

THREAD: Solarbranche: Reiche-Pläne gefährden Zehntausende Jobs

KOMMENTAR: Die Öl&Gas Lobby macht halt n guten Job und die Reiche ist dankbares Opfer!

Wie ironisch ist dieser Kommentar?",Wie sicher bist du dir bei dieser Einschätzung?,"KOMMENTAR #9

THREAD: Solarbranche: Reiche-Pläne gefährden Zehntausende Jobs

KOMMENTAR: Vergeht denn kein Tag wo dieser Roboter keine Dummheit macht

Wie ironisch ist dieser Kommentar?",Wie sicher bist du dir bei dieser Einschätzung?,"KOMMENTAR #10

THREAD: Ölkonzerne klagen gegen Untersuchung durch Bundeskartellamt

KOMMENTAR: Wer Probleme mit niedrigem Blutdruck hat, sollte den Artikel lesen. Dann pumpt es wieder ordentlich.

Wie ironisch ist dieser Kommentar?",Wie sicher bist du dir bei dieser Einschätzung?,"KOMMENTAR #11

THREAD: Ölkonzerne klagen gegen Untersuchung durch Bundeskartellamt

KOMMENTAR: tankstellen müssten doch eigentlich gut brennen

Wie ironisch ist dieser Kommentar?",Wie sicher bist du dir bei dieser Einschätzung?,"KOMMENTAR #12

THREAD: Ölkonzerne klagen gegen Untersuchung durch Bundeskartellamt

KOMMENTAR: Ich würde gerne ein Reenactment der französischen Revolution veranstalten, mit Konzernchefs in der Rolle der Adligen.

Wie ironisch ist dieser Kommentar?",Wie sicher bist du dir bei dieser Einschätzung?,"KOMMENTAR #13

THREAD: Volkswagen: McKinsey soll Schließung fast aller deutschen Werke empfehlen

KOMMENTAR: Diese drecks Unternehmensberater Firmen sind auch so Parasiten der Gesellschaft ohne jeglichen Mehrwert

Wie ironisch ist dieser Kommentar?",Wie sicher bist du dir bei dieser Einschätzung?,"KOMMENTAR #14

THREAD: Volkswagen: McKinsey soll Schließung fast aller deutschen Werke empfehlen

KOMMENTAR: Empfehle die Schließung aller Deutschen McKinsey Zweigstellen

Wie ironisch ist dieser Kommentar?",Wie sicher bist du dir bei dieser Einschätzung?,"KOMMENTAR #15

THREAD: Volkswagen: McKinsey soll Schließung fast aller deutschen Werke empfehlen

KOMMENTAR: Was die dann an personalkosten sparen können sich die Manager wieder als Boni auszahlen lassen

Wie ironisch ist dieser Kommentar?",Wie sicher bist du dir bei dieser Einschätzung?,"KOMMENTAR #16

THREAD: Nur einmal am Tag erhöhen? Kein Problem! - Tankstellen starten morgens mit 10 Euro pro Liter

KOMMENTAR: Tankstellen kaufen neue Anzeigetafeln, um zweistellige Euro-Preise anzeigen zu können

Wie ironisch ist dieser Kommentar?",Wie sicher bist du dir bei dieser Einschätzung?,"KOMMENTAR #17

THREAD: Nur einmal am Tag erhöhen? Kein Problem! - Tankstellen starten morgens mit 10 Euro pro Liter

KOMMENTAR: Jetzt mal im Ernst: Warum nur das Erhöhen einschränken? Wäre es nicht viel sinnvoller, wenn der Preis über den Tag gleich bleiben muss?

Wie ironisch ist dieser Kommentar?",Wie sicher bist du dir bei dieser Einschätzung?,"KOMMENTAR #18

THREAD: Union will Verbreitung von Originalclips ihrer Kandidaten verbieten

KOMMENTAR: Ich glaube die CDU würde ohne Kandidaten mehr Stimmen bekommen

Wie ironisch ist dieser Kommentar?",Wie sicher bist du dir bei dieser Einschätzung?,"KOMMENTAR #19

THREAD: Union will Verbreitung von Originalclips ihrer Kandidaten verbieten

KOMMENTAR: man muss sie vor sich selbst schützen.

Wie ironisch ist dieser Kommentar?",Wie sicher bist du dir bei dieser Einschätzung?,"KOMMENTAR #20

THREAD: Straße von Hormus zu: Öltanker weichen auf Fahrradweg von Hormus aus

KOMMENTAR: Sehr vernünftig. Aber ich hoffe, sie halten trotzdem den 1,5 Meter Sicherheitsabstand zu Radfahrern.

Wie ironisch ist dieser Kommentar?",Wie sicher bist du dir bei dieser Einschätzung?,"KOMMENTAR #21

THREAD: Straße von Hormus zu: Öltanker weichen auf Fahrradweg von Hormus aus

KOMMENTAR: Kommen dann aber leider nicht weiter, weil ein Auto nur mal kurz auf dem Radweg parkt.

Wie ironisch ist dieser Kommentar?",Wie sicher bist du dir bei dieser Einschätzung?,"KOMMENTAR #22

THREAD: Plötzlich Facebook-Lobbyistin: Irlands einst höchste Datenschützerin wechselt die Seite

KOMMENTAR: Von Datenschutz zu Datenschmutz

Wie ironisch ist dieser Kommentar?",Wie sicher bist du dir bei dieser Einschätzung?,"KOMMENTAR #23

THREAD: Plötzlich Facebook-Lobbyistin: Irlands einst höchste Datenschützerin wechselt die Seite

KOMMENTAR: Sowas sollte sofort die Verdachtsannahme von Korruption, Amtsmissbrauch und ggf. Hochverrat begründen

Wie ironisch ist dieser Kommentar?",Wie sicher bist du dir bei dieser Einschätzung?,"KOMMENTAR #24

THREAD: 15-Jähriger fährt Freundin mit gestohlenem Linienbus zur Schule

KOMMENTAR: Princess Treatment oder Bare Minimum?

Wie ironisch ist dieser Kommentar?",Wie sicher bist du dir bei dieser Einschätzung?,"KOMMENTAR #25

THREAD: 15-Jähriger fährt Freundin mit gestohlenem Linienbus zur Schule

KOMMENTAR: Also wenn ich die Freundin wäre, ich hätte den auf der Stelle geheiratet, lmao.

Wie ironisch ist dieser Kommentar?",Wie sicher bist du dir bei dieser Einschätzung?,"KOMMENTAR #26

THREAD: 15-Jähriger fährt Freundin mit gestohlenem Linienbus zur Schule

KOMMENTAR: Der kriegt bald Jobangebote.

Wie ironisch ist dieser Kommentar?",Wie sicher bist du dir bei dieser Einschätzung?,"KOMMENTAR #27

THREAD: 15-Jähriger fährt Freundin mit gestohlenem Linienbus zur Schule

KOMMENTAR: Das ganze flog auf, weil der Bus pünktlich kam.

Wie ironisch ist dieser Kommentar?",Wie sicher bist du dir bei dieser Einschätzung?,"KOMMENTAR #28

THREAD: 15-Jähriger fährt Freundin mit gestohlenem Linienbus zur Schule

KOMMENTAR: Da nimmt man mal die Öffis, ist es auch wieder nicht Recht.

Wie ironisch ist dieser Kommentar?",Wie sicher bist du dir bei dieser Einschätzung?,"KOMMENTAR #29

THREAD: Landtagswahl Baden-Württemberg: Cem Özdemir lehnt Teilung der Amtszeit des Ministerpräsidenten ab

KOMMENTAR: Ist ja auch ne dämliche Idee. Gewonnen ist gewonnen. Punkt.

Wie ironisch ist dieser Kommentar?",Wie sicher bist du dir bei dieser Einschätzung?,"KOMMENTAR #30

THREAD: Landtagswahl Baden-Württemberg: Cem Özdemir lehnt Teilung der Amtszeit des Ministerpräsidenten ab

KOMMENTAR: Eigentlich eine Schande sowas auch nur vorzuschlagen.

Wie ironisch ist dieser Kommentar?",Wie sicher bist du dir bei dieser Einschätzung?,"KOMMENTAR #31

THREAD: VW gerettet! Konzern feuert alle Arbeiter und behält nur noch den Vorstand

KOMMENTAR: Wenn du härter arbeitest, kannst auch du von einem überbezahlten Manager gefeuert werden

Wie ironisch ist dieser Kommentar?",Wie sicher bist du dir bei dieser Einschätzung?,"KOMMENTAR #32

THREAD: VW gerettet! Konzern feuert alle Arbeiter und behält nur noch den Vorstand

KOMMENTAR: Manchmal habe ich das Gefühl, dass bestimmte Vorstände wirklich so denken

Wie ironisch ist dieser Kommentar?",Wie sicher bist du dir bei dieser Einschätzung?,"KOMMENTAR #33

THREAD: VW gerettet! Konzern feuert alle Arbeiter und behält nur noch den Vorstand

KOMMENTAR: Unironisch könnte man viele Konzerne retten, wenn man einfach den Vorstand rauswerfen würde.

Wie ironisch ist dieser Kommentar?",Wie sicher bist du dir bei dieser Einschätzung?,"KOMMENTAR #34

THREAD: Wie Jeffrey Epstein offenbar mit Steuern trickste

KOMMENTAR: Manchmal machen auch die besten Menschen wohl mal einen Fehler.

Wie ironisch ist dieser Kommentar?",Wie sicher bist du dir bei dieser Einschätzung?,"KOMMENTAR #35

THREAD: Wie Jeffrey Epstein offenbar mit Steuern trickste

KOMMENTAR: Der Mann war auch schon vorher ein Monster, aber das geht jetzt endgültig zu weit!

Wie ironisch ist dieser Kommentar?",Wie sicher bist du dir bei dieser Einschätzung?,"KOMMENTAR #36

THREAD: Wie Jeffrey Epstein offenbar mit Steuern trickste

KOMMENTAR: Paradebeispiel für schlechten Journalismus

Wie ironisch ist dieser Kommentar?",Wie sicher bist du dir bei dieser Einschätzung?,"KOMMENTAR #37

THREAD: Mehr als 600 000 Menschen traten 2025 aus der Kirche aus

KOMMENTAR: Endlich mal gute Nachrichten.

Wie ironisch ist dieser Kommentar?",Wie sicher bist du dir bei dieser Einschätzung?,"KOMMENTAR #38

THREAD: Mehr als 600 000 Menschen traten 2025 aus der Kirche aus

KOMMENTAR: Netflix ist als nächstes dran ...

Wie ironisch ist dieser Kommentar?",Wie sicher bist du dir bei dieser Einschätzung?,"KOMMENTAR #39

THREAD: Mehr als 600 000 Menschen traten 2025 aus der Kirche aus

KOMMENTAR: Ich bin zwar nie eingetreten, aber ich würde trotzdem gern austreten.

Wie ironisch ist dieser Kommentar?",Wie sicher bist du dir bei dieser Einschätzung?,"KOMMENTAR #40

THREAD: Trump spricht von Übernahme Kubas

KOMMENTAR: Kommen wieder Epstein files?

Wie ironisch ist dieser Kommentar?",Wie sicher bist du dir bei dieser Einschätzung?,"KOMMENTAR #41

THREAD: Trump spricht von Übernahme Kubas

KOMMENTAR: Wie wärs, wenn er erstmal den Krieg zu Ende bringt, den er gerade erst begonnen hat?

Wie ironisch ist dieser Kommentar?",Wie sicher bist du dir bei dieser Einschätzung?,"KOMMENTAR #42

THREAD: Verdener Schülerzeitung deckt Neonazi-Netz auf und gewinnt Landespreis

KOMMENTAR: Jede Schülerzeitung ist kompetenter als die deutsche Polizei.

Wie ironisch ist dieser Kommentar?",Wie sicher bist du dir bei dieser Einschätzung?,"KOMMENTAR #43

THREAD: Immer weniger Demenzdiagnosen in Deutschland

KOMMENTAR: Es gibt auch noch positive Nachrichten?

Wie ironisch ist dieser Kommentar?",Wie sicher bist du dir bei dieser Einschätzung?,"KOMMENTAR #44

THREAD: Längere Werbung auf Youtube lässt sich nicht überspringen

KOMMENTAR: Immer wenn ich wieder auf dem mobilen Gerät versuche YT zu schauen, merke ich erst wie unerträglich das mittlerweile ist.

Wie ironisch ist dieser Kommentar?",Wie sicher bist du dir bei dieser Einschätzung?,"KOMMENTAR #45

THREAD: Längere Werbung auf Youtube lässt sich nicht überspringen

KOMMENTAR: Und irgendwann gibts im premium youtube auch Werbung xD

Wie ironisch ist dieser Kommentar?",Wie sicher bist du dir bei dieser Einschätzung?,"KOMMENTAR #46

THREAD: USA laut Studie keine liberale Demokratie mehr

KOMMENTAR: Vermutlich hat die Redaktion jetzt eine Einreisesperre

Wie ironisch ist dieser Kommentar?",Wie sicher bist du dir bei dieser Einschätzung?,"KOMMENTAR #47

THREAD: USA laut Studie keine liberale Demokratie mehr

KOMMENTAR: Ach wirklich? Man male mich überrascht.

Wie ironisch ist dieser Kommentar?",Wie sicher bist du dir bei dieser Einschätzung?,"KOMMENTAR #48

THREAD: USA laut Studie keine liberale Demokratie mehr

KOMMENTAR: Die finden aber auch echt alles raus.

Wie ironisch ist dieser Kommentar?",Wie sicher bist du dir bei dieser Einschätzung?,"KOMMENTAR #49

THREAD: EuGH: Kirchenaustritt allein reicht nicht für Kündigung

KOMMENTAR: Richtig und wichtig. Kirchenrecht ist eh oft fragwürdig.

Wie ironisch ist dieser Kommentar?",Wie sicher bist du dir bei dieser Einschätzung?,"KOMMENTAR #50

THREAD: Psychotherapie: Wer hier kürzt, produziert mehr Krankheit und Leid

KOMMENTAR: Wieso? Die Therapie findet jetzt doch im Jobcenter beim Betreuer statt. Die sagen einem dass man doch nicht psychisch krank ist und nur so tut, und zack ist man geheilt.

Wie ironisch ist dieser Kommentar?",Wie sicher bist du dir bei dieser Einschätzung?,"KOMMENTAR #51

THREAD: Psychotherapie: Wer hier kürzt, produziert mehr Krankheit und Leid

KOMMENTAR: Ja, aber ihr müsst das einfach durch die Wirtschaftskompetenzbrille der Union betrachten. Wenn man das jetzt kürzt, gibts auch weniger Diagnosen, die das Jobcenter anzweifeln muss.

Wie ironisch ist dieser Kommentar?",Wie sicher bist du dir bei dieser Einschätzung?,"KOMMENTAR #52

THREAD: Psychotherapie: Wer hier kürzt, produziert mehr Krankheit und Leid

KOMMENTAR: Sehen Sie demnächst in diesem Theater: Oh nein, wo kommen denn die ganzen Obdachlosen her?

Wie ironisch ist dieser Kommentar?",Wie sicher bist du dir bei dieser Einschätzung?,"KOMMENTAR #53

THREAD: Wehrdienst: Deutlich mehr Menschen bewerben sich bei der Bundeswehr

KOMMENTAR: Wenn der Arbeitsmarkt schwächelt, steigt die Attraktivität von sicheren Arbeitgebern. Ganz normale und nachvollziehbare Entwicklung eigentlich.

Wie ironisch ist dieser Kommentar?",Wie sicher bist du dir bei dieser Einschätzung?,"KOMMENTAR #54

THREAD: Wehrdienst: Deutlich mehr Menschen bewerben sich bei der Bundeswehr

KOMMENTAR: Also sollten wir schleunigst den Wehrdienst wieder einführen, weil Freiwilligkeit offensichtlich nicht funktioniert, wenn die Anreize stimmen. Zwang ist der beste Weg

Wie ironisch ist dieser Kommentar?",Wie sicher bist du dir bei dieser Einschätzung?,"KOMMENTAR #55

THREAD: EU-Einigung scheitert: Freiwillige Chatkontrolle endet

KOMMENTAR: Bis zum nächsten Versuch.

Wie ironisch ist dieser Kommentar?",Wie sicher bist du dir bei dieser Einschätzung?,"KOMMENTAR #56

THREAD: EU-Einigung scheitert: Freiwillige Chatkontrolle endet

KOMMENTAR: Für heute?

Wie ironisch ist dieser Kommentar?",Wie sicher bist du dir bei dieser Einschätzung?,"KOMMENTAR #57

THREAD: EU-Einigung scheitert: Freiwillige Chatkontrolle endet

KOMMENTAR: Soll ich nochmal?

Wie ironisch ist dieser Kommentar?",Wie sicher bist du dir bei dieser Einschätzung?,"KOMMENTAR #58

THREAD: CDU fordert Aufklärung über Verwendung des Sondervermögens

KOMMENTAR: Da kann Reiche gleich die nächste Arbeitsgruppe gründen um das ganze zu verschleppen

Wie ironisch ist dieser Kommentar?",Wie sicher bist du dir bei dieser Einschätzung?,"KOMMENTAR #59

THREAD: Verschwörungs-Demo in Berlin: Xavier Naidoo singt - deutlich weniger Teilnehmende als angekündigt

KOMMENTAR: Gabs da auch embryonal gewürzte Currywurst mit Pommes?

Wie ironisch ist dieser Kommentar?",Wie sicher bist du dir bei dieser Einschätzung?,"KOMMENTAR #60

THREAD: Verschwörungs-Demo in Berlin: Xavier Naidoo singt - deutlich weniger Teilnehmende als angekündigt

KOMMENTAR: Dieser Weg ist peinlich und leer.

Wie ironisch ist dieser Kommentar?",Wie sicher bist du dir bei dieser Einschätzung?
18/03/2026 14:32:07,18-24,Selten,5,"Kenne ich, lese selten",5,5,3,3,5,4,5,5,2,3,4,3,5,5,4,4,4,4,5,5,5,4,4,4,5,5,4,4,5,5,5,5,1,4,5,5,4,4,5,5,4,4,5,5,1,4,5,5,5,5,5,5,5,5,5,5,1,5,1,4,5,5,1,4,1,4,4,4,5,5,1,4,5,4,5,5,5,5,4,4,1,4,5,4,1,4,1,4,5,5,3,3,4,3,5,5,3,3,5,5,4,4,5,4,1,4,4,4,4,4,5,4,5,4,4,4,5,4,5,4
18/03/2026 14:33:51,18-24,"Kenne Reddit, nutze es kaum",4,Kenne ich nicht,4,4,3,3,3,3,5,5,1,1,2,2,5,5,3,2,2,4,4,4,5,5,2,4,1,5,2,4,2,3,3,3,2,4,5,5,2,4,4,4,4,3,3,3,1,3,5,5,2,4,4,4,4,4,5,5,1,5,1,5,2,4,2,4,4,3,5,5,1,5,3,3,2,4,5,4,1,4,3,5,1,5,1,4,1,5,1,5,4,5,5,5,5,5,4,4,2,4,4,5,3,3,4,4,1,5,5,5,5,5,5,5,5,5,4,2,5,5,2,5
18/03/2026 14:35:06,18-24,Selten,5,"Kenne ich, lese selten",4,4,3,4,2,3,5,5,1,4,3,4,4,4,4,4,2,4,5,4,5,5,4,5,2,3,3,4,4,3,4,4,1,5,5,5,5,5,5,5,5,5,4,4,1,4,5,5,3,4,5,5,4,4,4,5,1,5,1,5,5,4,1,5,3,4,4,4,2,3,3,2,5,5,4,4,5,5,5,5,4,4,4,4,5,4,1,4,4,3,5,5,5,5,5,5,1,4,2,3,4,4,4,4,1,5,2,3,4,4,4,5,5,5,4,4,5,5,1,3
18/03/2026 14:35:12,18-24,"Kenne Reddit, nutze es kaum",4,Kenne ich nicht,4,4,3,4,2,4,4,3,1,4,4,4,5,5,3,3,2,3,5,5,5,5,4,5,1,4,2,4,1,4,3,4,1,5,4,3,4,5,5,5,5,5,2,4,3,3,5,5,2,4,4,4,5,5,5,5,1,5,5,5,3,4,1,5,5,5,5,5,4,5,2,3,5,5,3,3,4,4,5,5,1,4,2,4,1,4,1,5,4,4,5,5,5,5,5,5,3,3,5,5,5,5,5,5,3,3,2,4,2,4,4,4,4,5,3,3,5,5,5,5
18/03/2026 14:35:38,35-44,"Kenne Reddit, nutze es kaum",4,Kenne ich nicht,5,4,4,3,5,5,5,5,2,3,3,4,5,5,2,2,3,1,3,3,4,2,3,3,1,4,3,2,4,2,4,3,1,5,3,3,4,2,5,3,5,3,1,4,2,4,4,3,2,4,3,4,5,4,5,4,1,4,1,3,4,3,1,4,3,3,3,3,3,3,1,1,4,4,3,3,4,5,1,3,2,4,3,4,2,1,1,5,2,3,4,3,3,3,5,4,1,5,3,3,3,3,4,3,1,5,3,3,2,1,3,2,2,1,4,3,3,4,3,3
18/03/2026 14:36:38,18-24,"Kenne Reddit, nutze es kaum",3,Kenne ich nicht,5,4,1,4,3,2,5,4,1,5,3,3,5,5,3,3,1,1,5,4,5,4,5,4,1,3,3,3,4,3,5,4,2,4,5,5,4,2,5,4,1,4,2,2,3,3,5,5,5,5,5,5,5,5,5,5,5,5,5,5,3,3,2,3,3,3,3,3,5,5,1,3,5,5,5,5,5,5,3,3,3,3,5,5,5,5,3,3,1,1,5,5,3,3,3,3,1,4,5,5,3,3,5,5,3,3,5,5,3,3,5,4,5,4,3,3,5,5,5,5
18/03/2026 14:37:08,18-24,Kenne Reddit nicht,3,Kenne ich nicht,4,4,1,4,3,3,5,5,1,4,3,3,5,3,2,3,2,3,3,3,4,4,4,4,3,3,3,3,4,3,4,4,2,4,4,2,3,3,5,4,4,4,3,3,2,3,5,5,5,5,5,5,5,5,5,5,4,4,3,3,1,3,2,3,3,3,5,5,1,4,3,3,5,5,5,5,2,3,2,3,2,4,3,4,5,4,1,3,4,5,3,3,5,3,4,3,2,3,4,4,2,3,1,4,2,4,4,4,5,5,5,5,5,5,3,3,5,5,4,2
18/03/2026 14:39:48,25-34,Täglich,5,"Kenne ich, lese selten",5,4,4,4,5,3,4,3,1,4,4,2,5,5,2,3,4,3,5,4,3,2,5,5,1,3,3,4,3,4,4,4,1,5,4,4,3,5,4,2,4,3,2,4,1,5,5,4,2,3,2,4,5,4,4,2,1,5,1,5,4,1,1,3,1,4,5,3,4,5,1,5,3,2,3,3,5,4,5,5,3,5,2,4,4,1,1,5,3,4,3,4,5,4,4,5,2,4,4,4,4,3,3,4,2,2,4,3,4,4,5,5,3,2,4,5,5,4,5,5
18/03/2026 14:39:48,25-34,"Kenne Reddit, nutze es kaum",4,Kenne ich nicht,5,5,3,3,5,4,2,1,1,5,4,3,5,5,2,4,3,1,1,4,4,3,2,3,1,5,2,4,2,4,3,2,1,4,4,3,2,3,4,3,4,3,3,2,2,4,4,4,3,2,5,3,5,4,5,5,1,5,1,5,3,1,2,4,1,5,5,5,4,3,1,4,1,4,3,3,2,3,2,4,3,4,4,2,3,3,4,4,1,3,2,4,5,4,5,4,1,5,5,5,5,5,2,3,1,4,5,4,2,3,4,4,4,3,4,3,5,5,2,4